{
  "id": "evt_1P23t9RrD0UG6av95ah7OUq6",
  "object": "event",
  "api_version": "2023-10-16",
  "created": 1712289387,
  "data": {
    "object": {
      "id": "cs_test_a1afi0vnFGA0ArCPNZJmyjrCkQ3DgTjq8H60NliDMVufcnddfqR1sYNZYW",
      "object": "checkout.session",
      "after_expiration": null,
      "allow_promotion_codes": null,
      "amount_subtotal": 3000,
      "amount_total": 3000,
      "automatic_tax": { "enabled": false, "liability": null, "status": null },
      "billing_address_collection": null,
      "cancel_url": "https://www.twitter.com",
      "client_reference_id": null,
      "client_secret": null,
      "consent": null,
      "consent_collection": null,
      "created": 1712289373,
      "currency": "usd",
      "currency_conversion": null,
      "custom_fields": [],
      "custom_text": {
        "after_submit": null,
        "shipping_address": null,
        "submit": null,
        "terms_of_service_acceptance": null
      },
      "customer": null,
      "customer_creation": "if_required",
      "customer_details": {
        "address": {
          "city": null,
          "country": "CA",
          "line1": null,
          "line2": null,
          "postal_code": "424 242",
          "state": null
        },
        "email": "sharm6g1@uwindsor.ca",
        "name": "424242",
        "phone": null,
        "tax_exempt": "none",
        "tax_ids": []
      },
      "customer_email": null,
      "expires_at": 1712375773,
      "invoice": null,
      "invoice_creation": {
        "enabled": false,
        "invoice_data": {
          "account_tax_ids": null,
          "custom_fields": null,
          "description": null,
          "footer": null,
          "issuer": null,
          "metadata": {},
          "rendering_options": null
        }
      },
      "livemode": false,
      "locale": null,
      "metadata": {},
      "mode": "payment",
      "payment_intent": "pi_3P23t7RrD0UG6av90BWJbV9E",
      "payment_link": null,
      "payment_method_collection": "if_required",
      "payment_method_configuration_details": null,
      "payment_method_options": {
        "card": { "request_three_d_secure": "automatic" }
      },
      "payment_method_types": ["card"],
      "payment_status": "paid",
      "phone_number_collection": { "enabled": false },
      "recovered_from": null,
      "setup_intent": null,
      "shipping_address_collection": null,
      "shipping_cost": null,
      "shipping_details": null,
      "shipping_options": [],
      "status": "complete",
      "submit_type": null,
      "subscription": null,
      "success_url": "https://www.google.com",
      "total_details": {
        "amount_discount": 0,
        "amount_shipping": 0,
        "amount_tax": 0
      },
      "ui_mode": "hosted",
      "url": null
    }
  },
  "livemode": false,
  "pending_webhooks": 1,
  "request": { "id": null, "idempotency_key": null },
  "type": "checkout.session.completed"
}
